prompt,output,flag,username,timestamp
binary search in python,"'
Here is a Python implementation of both the bubble sort and binary search algorithms:

Bubble Sort Algorithm:
```
def bubble_sort(arr):
    n = len(arr)
    for i in range(n-1):
        for j in range(0, n-i-1):
            if arr[j] > arr[j+1]:
                arr[j], arr[j+1] = arr[j+1], arr[j]
```
Binary Search Algorithm:
```
def binary_search(arr, x):
    low = 0
    high = len(arr) - 1
    while low <= high:
        mid = (low + high) // 2
        if arr[mid] == x:
            return mid
        elif arr[mid] < x:
            low = mid + 1
        else:
            high = mid - 1
    return -1
```
To use these algorithms, simply call the appropriate function and pass in the array or list you want to sort/search. For example, to sort an array using bubble sort:
```
arr = [5, 2, 8, 3, 1, 4]
bubble_sort(arr)
print(arr) # [1, 2, 3, 4, 5, 8]
```
To search for a value in an array using binary search:
```
arr = [1, 2, 3, 4, 5, 6, 7, 8, 9]
x = 5
index = binary_search(arr, x)
if index != -1:
    print(""Found at index"", index)
else:
    print(""Not found"")
```",,,2024-09-25 13:26:44.325583
